<?xml version="1.0" encoding="UTF-8"?>
<!--
    Document   : fs_extensions2.xml
    Author     : Carlos Garcia Gomez
    Description:
        Estructura de la tabla fs_extensions2.
-->
<tabla>
   <columna>
      <nombre>name</nombre>
      <tipo>character varying(50)</tipo>
      <nulo>NO</nulo>
   </columna>
   <columna>
      <nombre>page_from</nombre>
      <tipo>character varying(30)</tipo>
      <nulo>NO</nulo>
   </columna>
   <columna>
      <nombre>page_to</nombre>
      <tipo>character varying(30)</tipo>
   </columna>
   <columna>
      <nombre>type</nombre>
      <tipo>character varying(50)</tipo>
   </columna>
   <columna>
      <nombre>text</nombre>
      <tipo>text</tipo>
   </columna>
   <columna>
      <nombre>params</nombre>
      <tipo>character varying(100)</tipo>
   </columna>
   <restriccion>
      <nombre>ca_fs_extensions2_fs_pages</nombre>
      <consulta>FOREIGN KEY (page_from) REFERENCES fs_pages (name) ON DELETE CASCADE ON UPDATE CASCADE</consulta>
   </restriccion>
   <restriccion>
      <nombre>fs_extensions2_pkey</nombre>
      <consulta>PRIMARY KEY (name,page_from)</consulta>
   </restriccion>
</tabla>
